{
    "3, Xcept(n=64, d=0, opt=adam)": {
        "description": "3, Xcept(n=64, d=0, opt=adam)",
        "loss": [
            0.3309943974018097,
            0.08698050677776337,
            0.057481393218040466,
            0.03733980283141136
        ],
        "val_loss": [
            0.16684913635253906,
            0.1607680469751358,
            0.14352896809577942,
            0.17894434928894043
        ],
        "accuracy": [
            0.7472850680351257,
            0.9233031868934631,
            0.9588235020637512,
            0.9746606349945068
        ],
        "val_accuracy": [
            0.8376184105873108,
            0.8734776973724365,
            0.8809201717376709,
            0.8755074143409729
        ]
    },
    "4, Xcept(n=64, d=0.25, opt=adam)": {
        "description": "4, Xcept(n=64, d=0.25, opt=adam)",
        "loss": [
            0.6328887343406677,
            0.19908937811851501,
            0.13236410915851593,
            0.10306572914123535
        ],
        "val_loss": [
            0.11533607542514801,
            0.11907235532999039,
            0.13151660561561584,
            0.15788553655147552
        ],
        "accuracy": [
            0.577828049659729,
            0.8260180950164795,
            0.8911764621734619,
            0.9296380281448364
        ],
        "val_accuracy": [
            0.8633288145065308,
            0.8815967440605164,
            0.8856562972068787,
            0.8917456269264221
        ]
    },
    "5, Xcept(n=64, d=0.5, opt=adam)": {
        "description": "5, Xcept(n=64, d=0.5, opt=adam)",
        "loss": [
            1.0386550426483154,
            0.4021293520927429,
            0.3141739070415497,
            0.28806933760643005,
            0.22589106857776642,
            0.19993411004543304,
            0.16835789382457733,
            0.18513359129428864,
            0.16048650443553925,
            0.1409667581319809
        ],
        "val_loss": [
            0.17211247980594635,
            0.12872862815856934,
            0.187107652425766,
            0.20846186578273773,
            0.12864872813224792,
            0.17334209382534027,
            0.16503529250621796,
            0.17090235650539398,
            0.19716615974903107,
            0.24133288860321045
        ],
        "accuracy": [
            0.41719457507133484,
            0.6970587968826294,
            0.7920814752578735,
            0.8386877775192261,
            0.8791854977607727,
            0.8999999761581421,
            0.9178733229637146,
            0.9165158271789551,
            0.9359728693962097,
            0.9447963833808899
        ],
        "val_accuracy": [
            0.8552097678184509,
            0.8924221992492676,
            0.8924221992492676,
            0.9052774310112,
            0.9127199053764343,
            0.9052774310112,
            0.9079837799072266,
            0.908660352230072,
            0.9174560308456421,
            0.9174560308456421
        ]
    }
}