{
    "0, EfficentNet(n=16, d=0, opt=rmsprop)": {
        "description": "0, EfficentNet(n=16, d=0, opt=rmsprop)",
        "train_loss": [
            0.3767303228378296,
            0.09116942435503006,
            0.055338501930236816,
            0.036439280956983566,
            0.026018258184194565,
            0.01921084150671959,
            0.01642376370728016,
            0.012193828821182251,
            0.011197146959602833
        ],
        "val_loss": [
            0.33432653546333313,
            0.3454357385635376,
            0.20992432534694672,
            0.11968454718589783,
            0.07847531139850616,
            0.08541539311408997,
            0.1060645654797554,
            0.07937458157539368,
            0.11362333595752716
        ],
        "train_accuracy": [
            0.5149321556091309,
            0.835067868232727,
            0.9126696586608887,
            0.9461538195610046,
            0.9656108617782593,
            0.979864239692688,
            0.9809954762458801,
            0.9891402721405029,
            0.992760181427002
        ],
        "val_accuracy": [
            0.5568335652351379,
            0.6813260912895203,
            0.7395128607749939,
            0.8396481871604919,
            0.8876860737800598,
            0.8728010654449463,
            0.8619756698608398,
            0.882949948310852,
            0.8761840462684631
        ]
    },
    "1, EfficentNet(n=16, d=0.25, opt=rmsprop)": {
        "description": "1, EfficentNet(n=16, d=0.25, opt=rmsprop)",
        "train_loss": [
            1.5438895225524902,
            0.3772476613521576,
            0.28814592957496643,
            0.24079656600952148
        ],
        "val_loss": [
            0.2966424822807312,
            0.2644347846508026,
            0.27462777495384216,
            0.18474063277244568
        ],
        "train_accuracy": [
            0.11538461595773697,
            0.3954751193523407,
            0.5628959536552429,
            0.6450226306915283
        ],
        "val_accuracy": [
            0.39715832471847534,
            0.5541272163391113,
            0.7794316411018372,
            0.834235429763794
        ]
    },
    "2, EfficentNet(n=16, d=0.5, opt=rmsprop)": {
        "description": "2, EfficentNet(n=16, d=0.5, opt=rmsprop)",
        "train_loss": [
            2.303577184677124,
            0.714817464351654,
            0.5448982119560242,
            0.4778638184070587
        ],
        "val_loss": [
            0.44360440969467163,
            0.40433549880981445,
            0.20603252947330475,
            0.23711542785167694
        ],
        "train_accuracy": [
            0.052941177040338516,
            0.12058823555707932,
            0.221266970038414,
            0.28597286343574524
        ],
        "val_accuracy": [
            0.10013531893491745,
            0.19282814860343933,
            0.6366711854934692,
            0.4932340979576111
        ]
    },
    "3, EfficentNet(n=16, d=0.75, opt=rmsprop)": {
        "description": "3, EfficentNet(n=16, d=0.75, opt=rmsprop)",
        "train_loss": [
            3.747784376144409,
            1.808846116065979,
            1.303324580192566,
            1.3878883123397827
        ],
        "val_loss": [
            0.9504878520965576,
            0.6381537318229675,
            0.8766340613365173,
            0.9401667714118958
        ],
        "train_accuracy": [
            0.037782806903123856,
            0.04389140382409096,
            0.05497737601399422,
            0.051131222397089005
        ],
        "val_accuracy": [
            0.07171853631734848,
            0.08660351485013962,
            0.07104194909334183,
            0.04668470844626427
        ]
    }
}